Algorithm,DataSize,ExecutionTime(ms),CacheMissRate(%),MemoryBandwidth(GB/s),PowerConsumption(W),NumaNodes,NumaMissRate(%),EmpiricalConstant,GoodnessOfFit
Merge Sort,1000,0.082,0.00,0.10,0.00,1,0.00,0.000010,0.9964
Merge Sort,5000,0.456,0.00,0.08,0.00,1,0.00,0.000010,0.9964
Merge Sort,10000,0.934,0.00,0.08,0.00,1,0.00,0.000010,0.9964
Quick Sort,1000,0.035,0.00,0.21,0.00,1,0.00,0.000005,0.9998
Quick Sort,5000,0.202,0.00,0.19,0.00,1,0.00,0.000005,0.9998
Quick Sort,10000,0.435,0.00,0.17,0.00,1,0.00,0.000005,0.9998
Matrix Multiplication,32,0.001,0.00,0.14,0.00,1,0.00,0.000004,0.1467
Matrix Multiplication,71,0.001,0.00,0.17,0.00,1,0.00,0.000004,0.1467
Matrix Multiplication,101,0.002,0.00,0.18,0.00,1,0.00,0.000004,0.1467
